<?xml version="1.0" encoding="UTF-8"?>
<project-private xmlns="http://www.netbeans.org/ns/project-private/1">
    <editor-bookmarks xmlns="http://www.netbeans.org/ns/editor-bookmarks/2" lastBookmarkId="0"/>
    <open-files xmlns="http://www.netbeans.org/ns/projectui-open-files/2">
        <group>
            <file>file:/C:/Users/Bashir/Documents/MEGA/JUC/Courses/CS205/Labs/Lab01/lab01/src/Item.java</file>
            <file>file:/C:/Users/Bashir/Documents/MEGA/JUC/Courses/CS205/Labs/Lab01/lab01/src/TestItemSLL.java</file>
            <file>file:/C:/Users/Bashir/Documents/MEGA/JUC/Courses/CS205/Labs/Lab01/lab01/src/TestIntegerSLL.java</file>
            <file>file:/C:/Users/Bashir/Documents/MEGA/JUC/Courses/CS205/Labs/Lab01/lab01/src/SLL.java</file>
        </group>
    </open-files>
</project-private>
